state,ageGroupPop,year,pop,startAge,endAge,ageGroup
Alabama,"[25,30)",2019,689704,25,30,25-29
Alabama,"[25,30)",2020,676862,25,30,25-29
Alabama,"[30,35)",2019,628660,30,35,30-34
Alabama,"[30,35)",2020,646672,30,35,30-34
Alabama,"[35,40)",2019,617290,35,40,35-39
Alabama,"[35,40)",2020,614146,35,40,35-39
Alabama,"[40,45)",2019,585774,40,45,40-44
Alabama,"[40,45)",2020,594378,40,45,40-44
Alabama,"[45,50)",2019,624762,45,50,45-49
Alabama,"[45,50)",2020,611708,45,50,45-49
Alabama,"[50,55)",2019,621606,50,55,50-54
Alabama,"[50,55)",2020,617406,50,55,50-54
Alabama,"[55,60)",2019,679400,55,60,55-59
Alabama,"[55,60)",2020,671804,55,60,55-59
Alabama,"[60,65)",2019,648790,60,65,60-64
Alabama,"[60,65)",2020,655490,60,65,60-64
Alabama,"[65,70)",2019,556852,65,70,65-69
Alabama,"[65,70)",2020,569036,65,70,65-69
Alabama,"[70,75)",2019,456652,70,75,70-74
Alabama,"[70,75)",2020,475448,70,75,70-74
Alabama,"[75,80)",2019,314476,75,80,75-79
Alabama,"[75,80)",2020,323412,75,80,75-79
Alabama,"[80,85)",2019,203782,80,85,80-84
Alabama,"[80,85)",2020,208332,80,85,80-84
Alabama,"[85,Inf)",2019,185544,85,Inf,85+
Alabama,"[85,Inf)",2020,187298,85,Inf,85+
Alaska,"[25,30)",2019,131652,25,30,25-29
Alaska,"[25,30)",2020,127398,25,30,25-29
Alaska,"[30,35)",2019,123230,30,35,30-34
Alaska,"[30,35)",2020,123914,30,35,30-34
Alaska,"[35,40)",2019,112136,35,40,35-39
Alaska,"[35,40)",2020,114234,35,40,35-39
Alaska,"[40,45)",2019,92126,40,45,40-44
Alaska,"[40,45)",2020,94308,40,45,40-44
Alaska,"[45,50)",2019,88982,45,50,45-49
Alaska,"[45,50)",2020,86582,45,50,45-49
Alaska,"[50,55)",2019,89232,50,55,50-54
Alaska,"[50,55)",2020,88014,50,55,50-54
Alaska,"[55,60)",2019,99916,55,60,55-59
Alaska,"[55,60)",2020,96568,55,60,55-59
Alaska,"[60,65)",2019,93434,60,65,60-64
Alaska,"[60,65)",2020,92930,60,65,60-64
Alaska,"[65,70)",2019,74712,65,70,65-69
Alaska,"[65,70)",2020,77310,65,70,65-69
Alaska,"[70,75)",2019,51276,70,75,70-74
Alaska,"[70,75)",2020,54666,70,75,70-74
Alaska,"[75,80)",2019,30688,75,80,75-79
Alaska,"[75,80)",2020,32612,75,80,75-79
Alaska,"[80,85)",2019,16468,80,85,80-84
Alaska,"[80,85)",2020,17248,80,85,80-84
Alaska,"[85,Inf)",2019,14698,85,Inf,85+
Alaska,"[85,Inf)",2020,15072,85,Inf,85+
Arizona,"[25,30)",2019,1094500,25,30,25-29
Arizona,"[25,30)",2020,1101658,25,30,25-29
Arizona,"[30,35)",2019,993904,30,35,30-34
Arizona,"[30,35)",2020,1033562,30,35,30-34
Arizona,"[35,40)",2019,961016,35,40,35-39
Arizona,"[35,40)",2020,971866,35,40,35-39
Arizona,"[40,45)",2019,879412,40,45,40-44
Arizona,"[40,45)",2020,905906,40,45,40-44
Arizona,"[45,50)",2019,883710,45,50,45-49
Arizona,"[45,50)",2020,884228,45,50,45-49
Arizona,"[50,55)",2019,850872,50,55,50-54
Arizona,"[50,55)",2020,867860,50,55,50-54
Arizona,"[55,60)",2019,907016,55,60,55-59
Arizona,"[55,60)",2020,911678,55,60,55-59
Arizona,"[60,65)",2019,878662,60,65,60-64
Arizona,"[60,65)",2020,904142,60,65,60-64
Arizona,"[65,70)",2019,807536,65,70,65-69
Arizona,"[65,70)",2020,834848,65,70,65-69
Arizona,"[70,75)",2019,716698,70,75,70-74
Arizona,"[70,75)",2020,756046,70,75,70-74
Arizona,"[75,80)",2019,512492,75,80,75-79
Arizona,"[75,80)",2020,538614,75,80,75-79
Arizona,"[80,85)",2019,321614,80,85,80-84
Arizona,"[80,85)",2020,338496,80,85,80-84
Arizona,"[85,Inf)",2019,297344,85,Inf,85+
Arizona,"[85,Inf)",2020,306236,85,Inf,85+
Arkansas,"[25,30)",2019,422200,25,30,25-29
Arkansas,"[25,30)",2020,415742,25,30,25-29
Arkansas,"[30,35)",2019,391432,30,35,30-34
Arkansas,"[30,35)",2020,399948,30,35,30-34
Arkansas,"[35,40)",2019,390630,35,40,35-39
Arkansas,"[35,40)",2020,388160,35,40,35-39
Arkansas,"[40,45)",2019,361842,40,45,40-44
Arkansas,"[40,45)",2020,369070,40,45,40-44
Arkansas,"[45,50)",2019,369536,45,50,45-49
Arkansas,"[45,50)",2020,364014,45,50,45-49
Arkansas,"[50,55)",2019,363358,50,55,50-54
Arkansas,"[50,55)",2020,361092,50,55,50-54
Arkansas,"[55,60)",2019,400840,55,60,55-59
Arkansas,"[55,60)",2020,397138,55,60,55-59
Arkansas,"[60,65)",2019,380216,60,65,60-64
Arkansas,"[60,65)",2020,384460,60,65,60-64
Arkansas,"[65,70)",2019,333244,65,70,65-69
Arkansas,"[65,70)",2020,339984,65,70,65-69
Arkansas,"[70,75)",2019,278926,70,75,70-74
Arkansas,"[70,75)",2020,287992,70,75,70-74
Arkansas,"[75,80)",2019,197700,75,80,75-79
Arkansas,"[75,80)",2020,202672,75,80,75-79
Arkansas,"[80,85)",2019,127464,80,85,80-84
Arkansas,"[80,85)",2020,130426,80,85,80-84
Arkansas,"[85,Inf)",2019,122080,85,Inf,85+
Arkansas,"[85,Inf)",2020,123500,85,Inf,85+
California,"[25,30)",2019,6486360,25,30,25-29
California,"[25,30)",2020,6328268,25,30,25-29
California,"[30,35)",2019,6153104,30,35,30-34
California,"[30,35)",2020,6262468,30,35,30-34
California,"[35,40)",2019,5766420,35,40,35-39
California,"[35,40)",2020,5779110,35,40,35-39
California,"[40,45)",2019,5163312,40,45,40-44
California,"[40,45)",2020,5226656,40,45,40-44
California,"[45,50)",2019,5165464,45,50,45-49
California,"[45,50)",2020,5050572,45,50,45-49
California,"[50,55)",2019,5045070,50,55,50-54
California,"[50,55)",2020,5046458,50,55,50-54
California,"[55,60)",2019,5130846,55,60,55-59
California,"[55,60)",2020,5055648,55,60,55-59
California,"[60,65)",2019,4647930,60,65,60-64
California,"[60,65)",2020,4697636,60,65,60-64
California,"[65,70)",2019,3836898,65,70,65-69
California,"[65,70)",2020,3912468,65,70,65-69
California,"[70,75)",2019,3034280,70,75,70-74
California,"[70,75)",2020,3157966,70,75,70-74
California,"[75,80)",2019,2061746,75,80,75-79
California,"[75,80)",2020,2138530,75,80,75-79
California,"[80,85)",2019,1385638,80,85,80-84
California,"[80,85)",2020,1417480,80,85,80-84
California,"[85,Inf)",2019,1521226,85,Inf,85+
California,"[85,Inf)",2020,1536588,85,Inf,85+
Colorado,"[25,30)",2019,958878,25,30,25-29
Colorado,"[25,30)",2020,961682,25,30,25-29
Colorado,"[30,35)",2019,931508,30,35,30-34
Colorado,"[30,35)",2020,953890,30,35,30-34
Colorado,"[35,40)",2019,876344,35,40,35-39
Colorado,"[35,40)",2020,890776,35,40,35-39
Colorado,"[40,45)",2019,765440,40,45,40-44
Colorado,"[40,45)",2020,786874,40,45,40-44
Colorado,"[45,50)",2019,745870,45,50,45-49
Colorado,"[45,50)",2020,737104,45,50,45-49
Colorado,"[50,55)",2019,693842,50,55,50-54
Colorado,"[50,55)",2020,701928,50,55,50-54
Colorado,"[55,60)",2019,741280,55,60,55-59
Colorado,"[55,60)",2020,726348,55,60,55-59
Colorado,"[60,65)",2019,705524,60,65,60-64
Colorado,"[60,65)",2020,713160,60,65,60-64
Colorado,"[65,70)",2019,599592,65,70,65-69
Colorado,"[65,70)",2020,614486,65,70,65-69
Colorado,"[70,75)",2019,456712,70,75,70-74
Colorado,"[70,75)",2020,484262,70,75,70-74
Colorado,"[75,80)",2019,287114,75,80,75-79
Colorado,"[75,80)",2020,302426,75,80,75-79
Colorado,"[80,85)",2019,178830,80,85,80-84
Colorado,"[80,85)",2020,185356,80,85,80-84
Colorado,"[85,Inf)",2019,181160,85,Inf,85+
Colorado,"[85,Inf)",2020,183828,85,Inf,85+
Connecticut,"[25,30)",2019,465444,25,30,25-29
Connecticut,"[25,30)",2020,466592,25,30,25-29
Connecticut,"[30,35)",2019,456744,30,35,30-34
Connecticut,"[30,35)",2020,457830,30,35,30-34
Connecticut,"[35,40)",2019,450584,35,40,35-39
Connecticut,"[35,40)",2020,453384,35,40,35-39
Connecticut,"[40,45)",2019,423220,40,45,40-44
Connecticut,"[40,45)",2020,430066,40,45,40-44
Connecticut,"[45,50)",2019,458204,45,50,45-49
Connecticut,"[45,50)",2020,438616,45,50,45-49
Connecticut,"[50,55)",2019,509204,50,55,50-54
Connecticut,"[50,55)",2020,497770,50,55,50-54
Connecticut,"[55,60)",2019,542656,55,60,55-59
Connecticut,"[55,60)",2020,535434,55,60,55-59
Connecticut,"[60,65)",2019,496220,60,65,60-64
Connecticut,"[60,65)",2020,501706,60,65,60-64
Connecticut,"[65,70)",2019,394016,65,70,65-69
Connecticut,"[65,70)",2020,405030,65,70,65-69
Connecticut,"[70,75)",2019,318628,70,75,70-74
Connecticut,"[70,75)",2020,328856,70,75,70-74
Connecticut,"[75,80)",2019,226400,75,80,75-79
Connecticut,"[75,80)",2020,234312,75,80,75-79
Connecticut,"[80,85)",2019,148748,80,85,80-84
Connecticut,"[80,85)",2020,151412,80,85,80-84
Connecticut,"[85,Inf)",2019,182782,85,Inf,85+
Connecticut,"[85,Inf)",2020,182054,85,Inf,85+
Delaware,"[25,30)",2019,135608,25,30,25-29
Delaware,"[25,30)",2020,132508,25,30,25-29
Delaware,"[30,35)",2019,131242,30,35,30-34
Delaware,"[30,35)",2020,134598,30,35,30-34
Delaware,"[35,40)",2019,121722,35,40,35-39
Delaware,"[35,40)",2020,123464,35,40,35-39
Delaware,"[40,45)",2019,110286,40,45,40-44
Delaware,"[40,45)",2020,113626,40,45,40-44
Delaware,"[45,50)",2019,115574,45,50,45-49
Delaware,"[45,50)",2020,112074,45,50,45-49
Delaware,"[50,55)",2019,126236,50,55,50-54
Delaware,"[50,55)",2020,125014,50,55,50-54
Delaware,"[55,60)",2019,140464,55,60,55-59
Delaware,"[55,60)",2020,140572,55,60,55-59
Delaware,"[60,65)",2019,138484,60,65,60-64
Delaware,"[60,65)",2020,142124,60,65,60-64
Delaware,"[65,70)",2019,124144,65,70,65-69
Delaware,"[65,70)",2020,129462,65,70,65-69
Delaware,"[70,75)",2019,104044,70,75,70-74
Delaware,"[70,75)",2020,109482,70,75,70-74
Delaware,"[75,80)",2019,70336,75,80,75-79
Delaware,"[75,80)",2020,73696,75,80,75-79
Delaware,"[80,85)",2019,42762,80,85,80-84
Delaware,"[80,85)",2020,44220,80,85,80-84
Delaware,"[85,Inf)",2019,40644,85,Inf,85+
Delaware,"[85,Inf)",2020,41504,85,Inf,85+
District of Columbia,"[25,30)",2019,171110,25,30,25-29
District of Columbia,"[25,30)",2020,168846,25,30,25-29
District of Columbia,"[30,35)",2019,169672,30,35,30-34
District of Columbia,"[30,35)",2020,171204,30,35,30-34
District of Columbia,"[35,40)",2019,132132,35,40,35-39
District of Columbia,"[35,40)",2020,134890,35,40,35-39
District of Columbia,"[40,45)",2019,92786,40,45,40-44
District of Columbia,"[40,45)",2020,97802,40,45,40-44
District of Columbia,"[45,50)",2019,79546,45,50,45-49
District of Columbia,"[45,50)",2020,78910,45,50,45-49
District of Columbia,"[50,55)",2019,73544,50,55,50-54
District of Columbia,"[50,55)",2020,72802,50,55,50-54
District of Columbia,"[55,60)",2019,75432,55,60,55-59
District of Columbia,"[55,60)",2020,74360,55,60,55-59
District of Columbia,"[60,65)",2019,67598,60,65,60-64
District of Columbia,"[60,65)",2020,67814,60,65,60-64
District of Columbia,"[65,70)",2019,58278,65,70,65-69
District of Columbia,"[65,70)",2020,58352,65,70,65-69
District of Columbia,"[70,75)",2019,44874,70,75,70-74
District of Columbia,"[70,75)",2020,46636,70,75,70-74
District of Columbia,"[75,80)",2019,30896,75,80,75-79
District of Columbia,"[75,80)",2020,31620,75,80,75-79
District of Columbia,"[80,85)",2019,20326,80,85,80-84
District of Columbia,"[80,85)",2020,21068,80,85,80-84
District of Columbia,"[85,Inf)",2019,24642,85,Inf,85+
District of Columbia,"[85,Inf)",2020,24808,85,Inf,85+
Florida,"[25,30)",2019,2925472,25,30,25-29
Florida,"[25,30)",2020,2874756,25,30,25-29
Florida,"[30,35)",2019,2835028,30,35,30-34
Florida,"[30,35)",2020,2911620,30,35,30-34
Florida,"[35,40)",2019,2730490,35,40,35-39
Florida,"[35,40)",2020,2768492,35,40,35-39
Florida,"[40,45)",2019,2578666,40,45,40-44
Florida,"[40,45)",2020,2638806,40,45,40-44
Florida,"[45,50)",2019,2724466,45,50,45-49
Florida,"[45,50)",2020,2691772,45,50,45-49
Florida,"[50,55)",2019,2777938,50,55,50-54
Florida,"[50,55)",2020,2776948,50,55,50-54
Florida,"[55,60)",2019,3015144,55,60,55-59
Florida,"[55,60)",2020,3031898,55,60,55-59
Florida,"[60,65)",2019,2847320,60,65,60-64
Florida,"[60,65)",2020,2922760,60,65,60-64
Florida,"[65,70)",2019,2606960,65,70,65-69
Florida,"[65,70)",2020,2679038,65,70,65-69
Florida,"[70,75)",2019,2350000,70,75,70-74
Florida,"[70,75)",2020,2445774,70,75,70-74
Florida,"[75,80)",2019,1753564,75,80,75-79
Florida,"[75,80)",2020,1818956,75,80,75-79
Florida,"[80,85)",2019,1168692,80,85,80-84
Florida,"[80,85)",2020,1205408,80,85,80-84
Florida,"[85,Inf)",2019,1175990,85,Inf,85+
Florida,"[85,Inf)",2020,1198688,85,Inf,85+
Georgia,"[25,30)",2019,1582504,25,30,25-29
Georgia,"[25,30)",2020,1571744,25,30,25-29
Georgia,"[30,35)",2019,1476332,30,35,30-34
Georgia,"[30,35)",2020,1512684,30,35,30-34
Georgia,"[35,40)",2019,1446040,35,40,35-39
Georgia,"[35,40)",2020,1447896,35,40,35-39
Georgia,"[40,45)",2019,1367442,40,45,40-44
Georgia,"[40,45)",2020,1391634,40,45,40-44
Georgia,"[45,50)",2019,1446126,45,50,45-49
Georgia,"[45,50)",2020,1418894,45,50,45-49
Georgia,"[50,55)",2019,1391068,50,55,50-54
Georgia,"[50,55)",2020,1401760,50,55,50-54
Georgia,"[55,60)",2019,1397614,55,60,55-59
Georgia,"[55,60)",2020,1404332,55,60,55-59
Georgia,"[60,65)",2019,1244258,60,65,60-64
Georgia,"[60,65)",2020,1269528,60,65,60-64
Georgia,"[65,70)",2019,1032842,65,70,65-69
Georgia,"[65,70)",2020,1059780,65,70,65-69
Georgia,"[70,75)",2019,836982,70,75,70-74
Georgia,"[70,75)",2020,876282,70,75,70-74
Georgia,"[75,80)",2019,553454,75,80,75-79
Georgia,"[75,80)",2020,577382,75,80,75-79
Georgia,"[80,85)",2019,335786,80,85,80-84
Georgia,"[80,85)",2020,349784,80,85,80-84
Georgia,"[85,Inf)",2019,305196,85,Inf,85+
Georgia,"[85,Inf)",2020,313872,85,Inf,85+
Hawaii,"[25,30)",2019,280240,25,30,25-29
Hawaii,"[25,30)",2020,272072,25,30,25-29
Hawaii,"[30,35)",2019,259790,30,35,30-34
Hawaii,"[30,35)",2020,260868,30,35,30-34
Hawaii,"[35,40)",2019,254478,35,40,35-39
Hawaii,"[35,40)",2020,251374,35,40,35-39
Hawaii,"[40,45)",2019,219846,40,45,40-44
Hawaii,"[40,45)",2020,225196,40,45,40-44
Hawaii,"[45,50)",2019,214068,45,50,45-49
Hawaii,"[45,50)",2020,207808,45,50,45-49
Hawaii,"[50,55)",2019,208928,50,55,50-54
Hawaii,"[50,55)",2020,208872,50,55,50-54
Hawaii,"[55,60)",2019,220134,55,60,55-59
Hawaii,"[55,60)",2020,215838,55,60,55-59
Hawaii,"[60,65)",2019,211900,60,65,60-64
Hawaii,"[60,65)",2020,212190,60,65,60-64
Hawaii,"[65,70)",2019,192980,65,70,65-69
Hawaii,"[65,70)",2020,193542,65,70,65-69
Hawaii,"[70,75)",2019,157710,70,75,70-74
Hawaii,"[70,75)",2020,164438,70,75,70-74
Hawaii,"[75,80)",2019,103846,75,80,75-79
Hawaii,"[75,80)",2020,110016,75,80,75-79
Hawaii,"[80,85)",2019,65788,80,85,80-84
Hawaii,"[80,85)",2020,67904,80,85,80-84
Hawaii,"[85,Inf)",2019,91776,85,Inf,85+
Hawaii,"[85,Inf)",2020,91806,85,Inf,85+
Idaho,"[25,30)",2019,252124,25,30,25-29
Idaho,"[25,30)",2020,254106,25,30,25-29
Idaho,"[30,35)",2019,236100,30,35,30-34
Idaho,"[30,35)",2020,244000,30,35,30-34
Idaho,"[35,40)",2019,241770,35,40,35-39
Idaho,"[35,40)",2020,245806,35,40,35-39
Idaho,"[40,45)",2019,222828,40,45,40-44
Idaho,"[40,45)",2020,232540,40,45,40-44
Idaho,"[45,50)",2019,209730,45,50,45-49
Idaho,"[45,50)",2020,212480,45,50,45-49
Idaho,"[50,55)",2019,200808,50,55,50-54
Idaho,"[50,55)",2020,205910,50,55,50-54
Idaho,"[55,60)",2019,222244,55,60,55-59
Idaho,"[55,60)",2020,221198,55,60,55-59
Idaho,"[60,65)",2019,220426,60,65,60-64
Idaho,"[60,65)",2020,226600,60,65,60-64
Idaho,"[65,70)",2019,198342,65,70,65-69
Idaho,"[65,70)",2020,207320,65,70,65-69
Idaho,"[70,75)",2019,158324,70,75,70-74
Idaho,"[70,75)",2020,168920,70,75,70-74
Idaho,"[75,80)",2019,106968,75,80,75-79
Idaho,"[75,80)",2020,112728,75,80,75-79
Idaho,"[80,85)",2019,64780,80,85,80-84
Idaho,"[80,85)",2020,68364,80,85,80-84
Idaho,"[85,Inf)",2019,59838,85,Inf,85+
Idaho,"[85,Inf)",2020,61464,85,Inf,85+
Illinois,"[25,30)",2019,1840884,25,30,25-29
Illinois,"[25,30)",2020,1812580,25,30,25-29
Illinois,"[30,35)",2019,1755732,30,35,30-34
Illinois,"[30,35)",2020,1751378,30,35,30-34
Illinois,"[35,40)",2019,1729492,35,40,35-39
Illinois,"[35,40)",2020,1712364,35,40,35-39
Illinois,"[40,45)",2019,1596274,40,45,40-44
Illinois,"[40,45)",2020,1614596,40,45,40-44
Illinois,"[45,50)",2019,1618432,45,50,45-49
Illinois,"[45,50)",2020,1575288,45,50,45-49
Illinois,"[50,55)",2019,1615812,50,55,50-54
Illinois,"[50,55)",2020,1595386,50,55,50-54
Illinois,"[55,60)",2019,1724038,55,60,55-59
Illinois,"[55,60)",2020,1683080,55,60,55-59
Illinois,"[60,65)",2019,1619408,60,65,60-64
Illinois,"[60,65)",2020,1624116,60,65,60-64
Illinois,"[65,70)",2019,1333418,65,70,65-69
Illinois,"[65,70)",2020,1360728,65,70,65-69
Illinois,"[70,75)",2019,1035308,70,75,70-74
Illinois,"[70,75)",2020,1081548,70,75,70-74
Illinois,"[75,80)",2019,722292,75,80,75-79
Illinois,"[75,80)",2020,737588,75,80,75-79
Illinois,"[80,85)",2019,485856,80,85,80-84
Illinois,"[80,85)",2020,491750,80,85,80-84
Illinois,"[85,Inf)",2019,536338,85,Inf,85+
Illinois,"[85,Inf)",2020,537188,85,Inf,85+
Indiana,"[25,30)",2019,953230,25,30,25-29
Indiana,"[25,30)",2020,950840,25,30,25-29
Indiana,"[30,35)",2019,869880,30,35,30-34
Indiana,"[30,35)",2020,886264,30,35,30-34
Indiana,"[35,40)",2019,867490,35,40,35-39
Indiana,"[35,40)",2020,865188,35,40,35-39
Indiana,"[40,45)",2019,814776,40,45,40-44
Indiana,"[40,45)",2020,831032,40,45,40-44
Indiana,"[45,50)",2019,836820,45,50,45-49
Indiana,"[45,50)",2020,821318,45,50,45-49
Indiana,"[50,55)",2019,827802,50,55,50-54
Indiana,"[50,55)",2020,823060,50,55,50-54
Indiana,"[55,60)",2019,904248,55,60,55-59
Indiana,"[55,60)",2020,890068,55,60,55-59
Indiana,"[60,65)",2019,858606,60,65,60-64
Indiana,"[60,65)",2020,866196,60,65,60-64
Indiana,"[65,70)",2019,721204,65,70,65-69
Indiana,"[65,70)",2020,739214,65,70,65-69
Indiana,"[70,75)",2019,559608,70,75,70-74
Indiana,"[70,75)",2020,587520,70,75,70-74
Indiana,"[75,80)",2019,384552,75,80,75-79
Indiana,"[75,80)",2020,395938,75,80,75-79
Indiana,"[80,85)",2019,253368,80,85,80-84
Indiana,"[80,85)",2020,258568,80,85,80-84
Indiana,"[85,Inf)",2019,263038,85,Inf,85+
Indiana,"[85,Inf)",2020,264136,85,Inf,85+
Iowa,"[25,30)",2019,424256,25,30,25-29
Iowa,"[25,30)",2020,422050,25,30,25-29
Iowa,"[30,35)",2019,391762,30,35,30-34
Iowa,"[30,35)",2020,393138,30,35,30-34
Iowa,"[35,40)",2019,411418,35,40,35-39
Iowa,"[35,40)",2020,409774,35,40,35-39
Iowa,"[40,45)",2019,370674,40,45,40-44
Iowa,"[40,45)",2020,381614,40,45,40-44
Iowa,"[45,50)",2019,360348,45,50,45-49
Iowa,"[45,50)",2020,354172,45,50,45-49
Iowa,"[50,55)",2019,371282,50,55,50-54
Iowa,"[50,55)",2020,367772,50,55,50-54
Iowa,"[55,60)",2019,424396,55,60,55-59
Iowa,"[55,60)",2020,411960,55,60,55-59
Iowa,"[60,65)",2019,411836,60,65,60-64
Iowa,"[60,65)",2020,415034,60,65,60-64
Iowa,"[65,70)",2019,355304,65,70,65-69
Iowa,"[65,70)",2020,364026,65,70,65-69
Iowa,"[70,75)",2019,270224,70,75,70-74
Iowa,"[70,75)",2020,285748,70,75,70-74
Iowa,"[75,80)",2019,189630,75,80,75-79
Iowa,"[75,80)",2020,193030,75,80,75-79
Iowa,"[80,85)",2019,136448,80,85,80-84
Iowa,"[80,85)",2020,137682,80,85,80-84
Iowa,"[85,Inf)",2019,157408,85,Inf,85+
Iowa,"[85,Inf)",2020,156756,85,Inf,85+
Kansas,"[25,30)",2019,406822,25,30,25-29
Kansas,"[25,30)",2020,407676,25,30,25-29
Kansas,"[30,35)",2019,384400,30,35,30-34
Kansas,"[30,35)",2020,382150,30,35,30-34
Kansas,"[35,40)",2019,391970,35,40,35-39
Kansas,"[35,40)",2020,391014,35,40,35-39
Kansas,"[40,45)",2019,346530,40,45,40-44
Kansas,"[40,45)",2020,355930,40,45,40-44
Kansas,"[45,50)",2019,334030,45,50,45-49
Kansas,"[45,50)",2020,329480,45,50,45-49
Kansas,"[50,55)",2019,332462,50,55,50-54
Kansas,"[50,55)",2020,329078,50,55,50-54
Kansas,"[55,60)",2019,382058,55,60,55-59
Kansas,"[55,60)",2020,371522,55,60,55-59
Kansas,"[60,65)",2019,369834,60,65,60-64
Kansas,"[60,65)",2020,371468,60,65,60-64
Kansas,"[65,70)",2019,311954,65,70,65-69
Kansas,"[65,70)",2020,320426,65,70,65-69
Kansas,"[70,75)",2019,237778,70,75,70-74
Kansas,"[70,75)",2020,250152,70,75,70-74
Kansas,"[75,80)",2019,163720,75,80,75-79
Kansas,"[75,80)",2020,169160,75,80,75-79
Kansas,"[80,85)",2019,112932,80,85,80-84
Kansas,"[80,85)",2020,114142,80,85,80-84
Kansas,"[85,Inf)",2019,131836,85,Inf,85+
Kansas,"[85,Inf)",2020,131838,85,Inf,85+
Kentucky,"[25,30)",2019,634642,25,30,25-29
Kentucky,"[25,30)",2020,625776,25,30,25-29
Kentucky,"[30,35)",2019,566654,30,35,30-34
Kentucky,"[30,35)",2020,581458,30,35,30-34
Kentucky,"[35,40)",2019,569684,35,40,35-39
Kentucky,"[35,40)",2020,561760,35,40,35-39
Kentucky,"[40,45)",2019,547706,40,45,40-44
Kentucky,"[40,45)",2020,554706,40,45,40-44
Kentucky,"[45,50)",2019,567242,45,50,45-49
Kentucky,"[45,50)",2020,555772,45,50,45-49
Kentucky,"[50,55)",2019,570762,50,55,50-54
Kentucky,"[50,55)",2020,563594,50,55,50-54
Kentucky,"[55,60)",2019,619028,55,60,55-59
Kentucky,"[55,60)",2020,612124,55,60,55-59
Kentucky,"[60,65)",2019,586488,60,65,60-64
Kentucky,"[60,65)",2020,589548,60,65,60-64
Kentucky,"[65,70)",2019,501102,65,70,65-69
Kentucky,"[65,70)",2020,512050,65,70,65-69
Kentucky,"[70,75)",2019,400700,70,75,70-74
Kentucky,"[70,75)",2020,419080,70,75,70-74
Kentucky,"[75,80)",2019,270504,75,80,75-79
Kentucky,"[75,80)",2020,277340,75,80,75-79
Kentucky,"[80,85)",2019,173726,80,85,80-84
Kentucky,"[80,85)",2020,178200,80,85,80-84
Kentucky,"[85,Inf)",2019,165396,85,Inf,85+
Kentucky,"[85,Inf)",2020,166266,85,Inf,85+
Louisiana,"[25,30)",2019,684894,25,30,25-29
Louisiana,"[25,30)",2020,661980,25,30,25-29
Louisiana,"[30,35)",2019,656780,30,35,30-34
Louisiana,"[30,35)",2020,657752,30,35,30-34
Louisiana,"[35,40)",2019,639988,35,40,35-39
Louisiana,"[35,40)",2020,638316,35,40,35-39
Louisiana,"[40,45)",2019,557230,40,45,40-44
Louisiana,"[40,45)",2020,572788,40,45,40-44
Louisiana,"[45,50)",2019,545602,45,50,45-49
Louisiana,"[45,50)",2020,533078,45,50,45-49
Louisiana,"[50,55)",2019,563812,50,55,50-54
Louisiana,"[50,55)",2020,552562,50,55,50-54
Louisiana,"[55,60)",2019,623236,55,60,55-59
Louisiana,"[55,60)",2020,609794,55,60,55-59
Louisiana,"[60,65)",2019,598308,60,65,60-64
Louisiana,"[60,65)",2020,600964,60,65,60-64
Louisiana,"[65,70)",2019,502716,65,70,65-69
Louisiana,"[65,70)",2020,515458,65,70,65-69
Louisiana,"[70,75)",2019,391058,70,75,70-74
Louisiana,"[70,75)",2020,408964,70,75,70-74
Louisiana,"[75,80)",2019,264702,75,80,75-79
Louisiana,"[75,80)",2020,272324,75,80,75-79
Louisiana,"[80,85)",2019,172416,80,85,80-84
Louisiana,"[80,85)",2020,175998,80,85,80-84
Louisiana,"[85,Inf)",2019,165714,85,Inf,85+
Louisiana,"[85,Inf)",2020,167864,85,Inf,85+
Maine,"[25,30)",2019,166302,25,30,25-29
Maine,"[25,30)",2020,166000,25,30,25-29
Maine,"[30,35)",2019,166910,30,35,30-34
Maine,"[30,35)",2020,170054,30,35,30-34
Maine,"[35,40)",2019,161324,35,40,35-39
Maine,"[35,40)",2020,163368,35,40,35-39
Maine,"[40,45)",2019,152154,40,45,40-44
Maine,"[40,45)",2020,155324,40,45,40-44
Maine,"[45,50)",2019,168796,45,50,45-49
Maine,"[45,50)",2020,163048,45,50,45-49
Maine,"[50,55)",2019,184702,50,55,50-54
Maine,"[50,55)",2020,182176,50,55,50-54
Maine,"[55,60)",2019,213982,55,60,55-59
Maine,"[55,60)",2020,209968,55,60,55-59
Maine,"[60,65)",2019,213204,60,65,60-64
Maine,"[60,65)",2020,214878,60,65,60-64
Maine,"[65,70)",2019,188828,65,70,65-69
Maine,"[65,70)",2020,193534,65,70,65-69
Maine,"[70,75)",2019,151944,70,75,70-74
Maine,"[70,75)",2020,159898,70,75,70-74
Maine,"[75,80)",2019,101232,75,80,75-79
Maine,"[75,80)",2020,104972,75,80,75-79
Maine,"[80,85)",2019,64662,80,85,80-84
Maine,"[80,85)",2020,65824,80,85,80-84
Maine,"[85,Inf)",2019,67676,85,Inf,85+
Maine,"[85,Inf)",2020,67562,85,Inf,85+
Maryland,"[25,30)",2019,855222,25,30,25-29
Maryland,"[25,30)",2020,838460,25,30,25-29
Maryland,"[30,35)",2019,860550,30,35,30-34
Maryland,"[30,35)",2020,868220,30,35,30-34
Maryland,"[35,40)",2019,844036,35,40,35-39
Maryland,"[35,40)",2020,845526,35,40,35-39
Maryland,"[40,45)",2019,761682,40,45,40-44
Maryland,"[40,45)",2020,778986,40,45,40-44
Maryland,"[45,50)",2019,786662,45,50,45-49
Maryland,"[45,50)",2020,762614,45,50,45-49
Maryland,"[50,55)",2019,833498,50,55,50-54
Maryland,"[50,55)",2020,820554,50,55,50-54
Maryland,"[55,60)",2019,876796,55,60,55-59
Maryland,"[55,60)",2020,867622,55,60,55-59
Maryland,"[60,65)",2019,784316,60,65,60-64
Maryland,"[60,65)",2020,793848,60,65,60-64
Maryland,"[65,70)",2019,632540,65,70,65-69
Maryland,"[65,70)",2020,646620,65,70,65-69
Maryland,"[70,75)",2019,504394,70,75,70-74
Maryland,"[70,75)",2020,523498,70,75,70-74
Maryland,"[75,80)",2019,343802,75,80,75-79
Maryland,"[75,80)",2020,357072,75,80,75-79
Maryland,"[80,85)",2019,219486,80,85,80-84
Maryland,"[80,85)",2020,225504,80,85,80-84
Maryland,"[85,Inf)",2019,240202,85,Inf,85+
Maryland,"[85,Inf)",2020,243118,85,Inf,85+
Massachusetts,"[25,30)",2019,1045652,25,30,25-29
Massachusetts,"[25,30)",2020,1037216,25,30,25-29
Massachusetts,"[30,35)",2019,1008568,30,35,30-34
Massachusetts,"[30,35)",2020,1019976,30,35,30-34
Massachusetts,"[35,40)",2019,910168,35,40,35-39
Massachusetts,"[35,40)",2020,923018,35,40,35-39
Massachusetts,"[40,45)",2019,823868,40,45,40-44
Massachusetts,"[40,45)",2020,835108,40,45,40-44
Massachusetts,"[45,50)",2019,872230,45,50,45-49
Massachusetts,"[45,50)",2020,843316,45,50,45-49
Massachusetts,"[50,55)",2019,942342,50,55,50-54
Massachusetts,"[50,55)",2020,926250,50,55,50-54
Massachusetts,"[55,60)",2019,993880,55,60,55-59
Massachusetts,"[55,60)",2020,984698,55,60,55-59
Massachusetts,"[60,65)",2019,914014,60,65,60-64
Massachusetts,"[60,65)",2020,924226,60,65,60-64
Massachusetts,"[65,70)",2019,754020,65,70,65-69
Massachusetts,"[65,70)",2020,771446,65,70,65-69
Massachusetts,"[70,75)",2019,603394,70,75,70-74
Massachusetts,"[70,75)",2020,628434,70,75,70-74
Massachusetts,"[75,80)",2019,406912,75,80,75-79
Massachusetts,"[75,80)",2020,423248,75,80,75-79
Massachusetts,"[80,85)",2019,270346,80,85,80-84
Massachusetts,"[80,85)",2020,274000,80,85,80-84
Massachusetts,"[85,Inf)",2019,318566,85,Inf,85+
Massachusetts,"[85,Inf)",2020,318382,85,Inf,85+
Michigan,"[25,30)",2019,1442096,25,30,25-29
Michigan,"[25,30)",2020,1419078,25,30,25-29
Michigan,"[30,35)",2019,1258220,30,35,30-34
Michigan,"[30,35)",2020,1296358,30,35,30-34
Michigan,"[35,40)",2019,1223354,35,40,35-39
Michigan,"[35,40)",2020,1220208,35,40,35-39
Michigan,"[40,45)",2019,1154306,40,45,40-44
Michigan,"[40,45)",2020,1169496,40,45,40-44
Michigan,"[45,50)",2019,1244332,45,50,45-49
Michigan,"[45,50)",2020,1198810,45,50,45-49
Michigan,"[50,55)",2019,1300758,50,55,50-54
Michigan,"[50,55)",2020,1286676,50,55,50-54
Michigan,"[55,60)",2019,1433202,55,60,55-59
Michigan,"[55,60)",2020,1403674,55,60,55-59
Michigan,"[60,65)",2019,1396062,60,65,60-64
Michigan,"[60,65)",2020,1399662,60,65,60-64
Michigan,"[65,70)",2019,1180192,65,70,65-69
Michigan,"[65,70)",2020,1209206,65,70,65-69
Michigan,"[70,75)",2019,913876,70,75,70-74
Michigan,"[70,75)",2020,959718,70,75,70-74
Michigan,"[75,80)",2019,631128,75,80,75-79
Michigan,"[75,80)",2020,648470,75,80,75-79
Michigan,"[80,85)",2019,404626,80,85,80-84
Michigan,"[80,85)",2020,412098,80,85,80-84
Michigan,"[85,Inf)",2019,426058,85,Inf,85+
Michigan,"[85,Inf)",2020,426510,85,Inf,85+
Minnesota,"[25,30)",2019,784034,25,30,25-29
Minnesota,"[25,30)",2020,782416,25,30,25-29
Minnesota,"[30,35)",2019,787584,30,35,30-34
Minnesota,"[30,35)",2020,784974,30,35,30-34
Minnesota,"[35,40)",2019,794716,35,40,35-39
Minnesota,"[35,40)",2020,798984,35,40,35-39
Minnesota,"[40,45)",2019,686096,40,45,40-44
Minnesota,"[40,45)",2020,710220,40,45,40-44
Minnesota,"[45,50)",2019,667624,45,50,45-49
Minnesota,"[45,50)",2020,652438,45,50,45-49
Minnesota,"[50,55)",2019,696382,50,55,50-54
Minnesota,"[50,55)",2020,687294,50,55,50-54
Minnesota,"[55,60)",2019,789082,55,60,55-59
Minnesota,"[55,60)",2020,769074,55,60,55-59
Minnesota,"[60,65)",2019,736796,60,65,60-64
Minnesota,"[60,65)",2020,748508,60,65,60-64
Minnesota,"[65,70)",2019,610768,65,70,65-69
Minnesota,"[65,70)",2020,626974,65,70,65-69
Minnesota,"[70,75)",2019,457732,70,75,70-74
Minnesota,"[70,75)",2020,484188,70,75,70-74
Minnesota,"[75,80)",2019,318504,75,80,75-79
Minnesota,"[75,80)",2020,328578,75,80,75-79
Minnesota,"[80,85)",2019,215906,80,85,80-84
Minnesota,"[80,85)",2020,221760,80,85,80-84
Minnesota,"[85,Inf)",2019,245234,85,Inf,85+
Minnesota,"[85,Inf)",2020,246440,85,Inf,85+
Mississippi,"[25,30)",2019,419844,25,30,25-29
Mississippi,"[25,30)",2020,408742,25,30,25-29
Mississippi,"[30,35)",2019,377246,30,35,30-34
Mississippi,"[30,35)",2020,380324,30,35,30-34
Mississippi,"[35,40)",2019,382256,35,40,35-39
Mississippi,"[35,40)",2020,375102,35,40,35-39
Mississippi,"[40,45)",2019,356832,40,45,40-44
Mississippi,"[40,45)",2020,362466,40,45,40-44
Mississippi,"[45,50)",2019,366584,45,50,45-49
Mississippi,"[45,50)",2020,357876,45,50,45-49
Mississippi,"[50,55)",2019,362912,50,55,50-54
Mississippi,"[50,55)",2020,359728,50,55,50-54
Mississippi,"[55,60)",2019,397178,55,60,55-59
Mississippi,"[55,60)",2020,390270,55,60,55-59
Mississippi,"[60,65)",2019,379332,60,65,60-64
Mississippi,"[60,65)",2020,381036,60,65,60-64
Mississippi,"[65,70)",2019,323004,65,70,65-69
Mississippi,"[65,70)",2020,330088,65,70,65-69
Mississippi,"[70,75)",2019,257976,70,75,70-74
Mississippi,"[70,75)",2020,269966,70,75,70-74
Mississippi,"[75,80)",2019,176250,75,80,75-79
Mississippi,"[75,80)",2020,180330,75,80,75-79
Mississippi,"[80,85)",2019,116196,80,85,80-84
Mississippi,"[80,85)",2020,118426,80,85,80-84
Mississippi,"[85,Inf)",2019,105544,85,Inf,85+
Mississippi,"[85,Inf)",2020,107422,85,Inf,85+
Missouri,"[25,30)",2019,875136,25,30,25-29
Missouri,"[25,30)",2020,864488,25,30,25-29
Missouri,"[30,35)",2019,817916,30,35,30-34
Missouri,"[30,35)",2020,826854,30,35,30-34
Missouri,"[35,40)",2019,808862,35,40,35-39
Missouri,"[35,40)",2020,808636,35,40,35-39
Missouri,"[40,45)",2019,725300,40,45,40-44
Missouri,"[40,45)",2020,744252,40,45,40-44
Missouri,"[45,50)",2019,737138,45,50,45-49
Missouri,"[45,50)",2020,720686,45,50,45-49
Missouri,"[50,55)",2019,747128,50,55,50-54
Missouri,"[50,55)",2020,738496,50,55,50-54
Missouri,"[55,60)",2019,861324,55,60,55-59
Missouri,"[55,60)",2020,841118,55,60,55-59
Missouri,"[60,65)",2019,816922,60,65,60-64
Missouri,"[60,65)",2020,828864,60,65,60-64
Missouri,"[65,70)",2019,685982,65,70,65-69
Missouri,"[65,70)",2020,703482,65,70,65-69
Missouri,"[70,75)",2019,544836,70,75,70-74
Missouri,"[70,75)",2020,569270,70,75,70-74
Missouri,"[75,80)",2019,386986,75,80,75-79
Missouri,"[75,80)",2020,396896,75,80,75-79
Missouri,"[80,85)",2019,254750,80,85,80-84
Missouri,"[80,85)",2020,259536,80,85,80-84
Missouri,"[85,Inf)",2019,269430,85,Inf,85+
Missouri,"[85,Inf)",2020,269988,85,Inf,85+
Montana,"[25,30)",2019,149596,25,30,25-29
Montana,"[25,30)",2020,149488,25,30,25-29
Montana,"[30,35)",2019,137756,30,35,30-34
Montana,"[30,35)",2020,141210,30,35,30-34
Montana,"[35,40)",2019,141250,35,40,35-39
Montana,"[35,40)",2020,142482,35,40,35-39
Montana,"[40,45)",2019,125404,40,45,40-44
Montana,"[40,45)",2020,131276,40,45,40-44
Montana,"[45,50)",2019,119248,45,50,45-49
Montana,"[45,50)",2020,118702,45,50,45-49
Montana,"[50,55)",2019,121090,50,55,50-54
Montana,"[50,55)",2020,120174,50,55,50-54
Montana,"[55,60)",2019,148524,55,60,55-59
Montana,"[55,60)",2020,144174,55,60,55-59
Montana,"[60,65)",2019,156256,60,65,60-64
Montana,"[60,65)",2020,156776,60,65,60-64
Montana,"[65,70)",2019,142822,65,70,65-69
Montana,"[65,70)",2020,146206,65,70,65-69
Montana,"[70,75)",2019,108836,70,75,70-74
Montana,"[70,75)",2020,116210,70,75,70-74
Montana,"[75,80)",2019,72604,75,80,75-79
Montana,"[75,80)",2020,75450,75,80,75-79
Montana,"[80,85)",2019,45888,80,85,80-84
Montana,"[80,85)",2020,47476,80,85,80-84
Montana,"[85,Inf)",2019,46378,85,Inf,85+
Montana,"[85,Inf)",2020,46640,85,Inf,85+
Nebraska,"[25,30)",2019,267138,25,30,25-29
Nebraska,"[25,30)",2020,268018,25,30,25-29
Nebraska,"[30,35)",2019,257006,30,35,30-34
Nebraska,"[30,35)",2020,254970,30,35,30-34
Nebraska,"[35,40)",2019,264524,35,40,35-39
Nebraska,"[35,40)",2020,264636,35,40,35-39
Nebraska,"[40,45)",2019,229536,40,45,40-44
Nebraska,"[40,45)",2020,236362,40,45,40-44
Nebraska,"[45,50)",2019,220208,45,50,45-49
Nebraska,"[45,50)",2020,218648,45,50,45-49
Nebraska,"[50,55)",2019,216370,50,55,50-54
Nebraska,"[50,55)",2020,214416,50,55,50-54
Nebraska,"[55,60)",2019,249008,55,60,55-59
Nebraska,"[55,60)",2020,242332,55,60,55-59
Nebraska,"[60,65)",2019,239092,60,65,60-64
Nebraska,"[60,65)",2020,241012,60,65,60-64
Nebraska,"[65,70)",2019,203848,65,70,65-69
Nebraska,"[65,70)",2020,208368,65,70,65-69
Nebraska,"[70,75)",2019,154434,70,75,70-74
Nebraska,"[70,75)",2020,163758,70,75,70-74
Nebraska,"[75,80)",2019,106048,75,80,75-79
Nebraska,"[75,80)",2020,108812,75,80,75-79
Nebraska,"[80,85)",2019,75138,80,85,80-84
Nebraska,"[80,85)",2020,75654,80,85,80-84
Nebraska,"[85,Inf)",2019,86056,85,Inf,85+
Nebraska,"[85,Inf)",2020,85554,85,Inf,85+
Nevada,"[25,30)",2019,489374,25,30,25-29
Nevada,"[25,30)",2020,488090,25,30,25-29
Nevada,"[30,35)",2019,472878,30,35,30-34
Nevada,"[30,35)",2020,489140,30,35,30-34
Nevada,"[35,40)",2019,451294,35,40,35-39
Nevada,"[35,40)",2020,459842,35,40,35-39
Nevada,"[40,45)",2019,406798,40,45,40-44
Nevada,"[40,45)",2020,418414,40,45,40-44
Nevada,"[45,50)",2019,414046,45,50,45-49
Nevada,"[45,50)",2020,410050,45,50,45-49
Nevada,"[50,55)",2019,399482,50,55,50-54
Nevada,"[50,55)",2020,407170,50,55,50-54
Nevada,"[55,60)",2019,405356,55,60,55-59
Nevada,"[55,60)",2020,408404,55,60,55-59
Nevada,"[60,65)",2019,379074,60,65,60-64
Nevada,"[60,65)",2020,387694,60,65,60-64
Nevada,"[65,70)",2019,334894,65,70,65-69
Nevada,"[65,70)",2020,345954,65,70,65-69
Nevada,"[70,75)",2019,283660,70,75,70-74
Nevada,"[70,75)",2020,297800,70,75,70-74
Nevada,"[75,80)",2019,190486,75,80,75-79
Nevada,"[75,80)",2020,199534,75,80,75-79
Nevada,"[80,85)",2019,111082,80,85,80-84
Nevada,"[80,85)",2020,117588,80,85,80-84
Nevada,"[85,Inf)",2019,91122,85,Inf,85+
Nevada,"[85,Inf)",2020,94874,85,Inf,85+
New Hampshire,"[25,30)",2019,179016,25,30,25-29
New Hampshire,"[25,30)",2020,179634,25,30,25-29
New Hampshire,"[30,35)",2019,174342,30,35,30-34
New Hampshire,"[30,35)",2020,178376,30,35,30-34
New Hampshire,"[35,40)",2019,165532,35,40,35-39
New Hampshire,"[35,40)",2020,168826,35,40,35-39
New Hampshire,"[40,45)",2019,152146,40,45,40-44
New Hampshire,"[40,45)",2020,154826,40,45,40-44
New Hampshire,"[45,50)",2019,174738,45,50,45-49
New Hampshire,"[45,50)",2020,167284,45,50,45-49
New Hampshire,"[50,55)",2019,196102,50,55,50-54
New Hampshire,"[50,55)",2020,192224,50,55,50-54
New Hampshire,"[55,60)",2019,222602,55,60,55-59
New Hampshire,"[55,60)",2020,219828,55,60,55-59
New Hampshire,"[60,65)",2019,209748,60,65,60-64
New Hampshire,"[60,65)",2020,214170,60,65,60-64
New Hampshire,"[65,70)",2019,170892,65,70,65-69
New Hampshire,"[65,70)",2020,177296,65,70,65-69
New Hampshire,"[70,75)",2019,135942,70,75,70-74
New Hampshire,"[70,75)",2020,142710,70,75,70-74
New Hampshire,"[75,80)",2019,87792,75,80,75-79
New Hampshire,"[75,80)",2020,92190,75,80,75-79
New Hampshire,"[80,85)",2019,54606,80,85,80-84
New Hampshire,"[80,85)",2020,55946,80,85,80-84
New Hampshire,"[85,Inf)",2019,60994,85,Inf,85+
New Hampshire,"[85,Inf)",2020,61548,85,Inf,85+
New Jersey,"[25,30)",2019,1191084,25,30,25-29
New Jersey,"[25,30)",2020,1181642,25,30,25-29
New Jersey,"[30,35)",2019,1175346,30,35,30-34
New Jersey,"[30,35)",2020,1186568,30,35,30-34
New Jersey,"[35,40)",2019,1185078,35,40,35-39
New Jersey,"[35,40)",2020,1182568,35,40,35-39
New Jersey,"[40,45)",2019,1136976,40,45,40-44
New Jersey,"[40,45)",2020,1148152,40,45,40-44
New Jersey,"[45,50)",2019,1189768,45,50,45-49
New Jersey,"[45,50)",2020,1155414,45,50,45-49
New Jersey,"[50,55)",2019,1250008,50,55,50-54
New Jersey,"[50,55)",2020,1231294,50,55,50-54
New Jersey,"[55,60)",2019,1301632,55,60,55-59
New Jersey,"[55,60)",2020,1286162,55,60,55-59
New Jersey,"[60,65)",2019,1175828,60,65,60-64
New Jersey,"[60,65)",2020,1190174,60,65,60-64
New Jersey,"[65,70)",2019,933512,65,70,65-69
New Jersey,"[65,70)",2020,957294,65,70,65-69
New Jersey,"[70,75)",2019,752608,70,75,70-74
New Jersey,"[70,75)",2020,779192,70,75,70-74
New Jersey,"[75,80)",2019,529312,75,80,75-79
New Jersey,"[75,80)",2020,543986,75,80,75-79
New Jersey,"[80,85)",2019,356636,80,85,80-84
New Jersey,"[80,85)",2020,362066,80,85,80-84
New Jersey,"[85,Inf)",2019,407332,85,Inf,85+
New Jersey,"[85,Inf)",2020,405766,85,Inf,85+
New Mexico,"[25,30)",2019,301886,25,30,25-29
New Mexico,"[25,30)",2020,298796,25,30,25-29
New Mexico,"[30,35)",2019,284882,30,35,30-34
New Mexico,"[30,35)",2020,288708,30,35,30-34
New Mexico,"[35,40)",2019,278402,35,40,35-39
New Mexico,"[35,40)",2020,280924,35,40,35-39
New Mexico,"[40,45)",2019,243984,40,45,40-44
New Mexico,"[40,45)",2020,251374,40,45,40-44
New Mexico,"[45,50)",2019,239252,45,50,45-49
New Mexico,"[45,50)",2020,236640,45,50,45-49
New Mexico,"[50,55)",2019,240344,50,55,50-54
New Mexico,"[50,55)",2020,238046,50,55,50-54
New Mexico,"[55,60)",2019,279338,55,60,55-59
New Mexico,"[55,60)",2020,272110,55,60,55-59
New Mexico,"[60,65)",2019,274564,60,65,60-64
New Mexico,"[60,65)",2020,276688,60,65,60-64
New Mexico,"[65,70)",2019,249688,65,70,65-69
New Mexico,"[65,70)",2020,253448,65,70,65-69
New Mexico,"[70,75)",2019,205486,70,75,70-74
New Mexico,"[70,75)",2020,216366,70,75,70-74
New Mexico,"[75,80)",2019,136732,75,80,75-79
New Mexico,"[75,80)",2020,143094,75,80,75-79
New Mexico,"[80,85)",2019,89136,80,85,80-84
New Mexico,"[80,85)",2020,91130,80,85,80-84
New Mexico,"[85,Inf)",2019,83846,85,Inf,85+
New Mexico,"[85,Inf)",2020,85700,85,Inf,85+
New York,"[25,30)",2019,3028018,25,30,25-29
New York,"[25,30)",2020,2951160,25,30,25-29
New York,"[30,35)",2019,2883624,30,35,30-34
New York,"[30,35)",2020,2899142,30,35,30-34
New York,"[35,40)",2019,2609464,35,40,35-39
New York,"[35,40)",2020,2600714,35,40,35-39
New York,"[40,45)",2019,2371156,40,45,40-44
New York,"[40,45)",2020,2382086,40,45,40-44
New York,"[45,50)",2019,2442730,45,50,45-49
New York,"[45,50)",2020,2353944,45,50,45-49
New York,"[50,55)",2019,2596178,50,55,50-54
New York,"[50,55)",2020,2547438,50,55,50-54
New York,"[55,60)",2019,2742190,55,60,55-59
New York,"[55,60)",2020,2696884,55,60,55-59
New York,"[60,65)",2019,2534444,60,65,60-64
New York,"[60,65)",2020,2553798,60,65,60-64
New York,"[65,70)",2019,2095096,65,70,65-69
New York,"[65,70)",2020,2128300,65,70,65-69
New York,"[70,75)",2019,1678550,70,75,70-74
New York,"[70,75)",2020,1746090,70,75,70-74
New York,"[75,80)",2019,1169602,75,80,75-79
New York,"[75,80)",2020,1198168,75,80,75-79
New York,"[80,85)",2019,805496,80,85,80-84
New York,"[80,85)",2020,816238,80,85,80-84
New York,"[85,Inf)",2019,928926,85,Inf,85+
New York,"[85,Inf)",2020,929612,85,Inf,85+
North Carolina,"[25,30)",2019,1511302,25,30,25-29
North Carolina,"[25,30)",2020,1506840,25,30,25-29
North Carolina,"[30,35)",2019,1397192,30,35,30-34
North Carolina,"[30,35)",2020,1441344,30,35,30-34
North Carolina,"[35,40)",2019,1351798,35,40,35-39
North Carolina,"[35,40)",2020,1358032,35,40,35-39
North Carolina,"[40,45)",2019,1305822,40,45,40-44
North Carolina,"[40,45)",2020,1325146,40,45,40-44
North Carolina,"[45,50)",2019,1396678,45,50,45-49
North Carolina,"[45,50)",2020,1369148,45,50,45-49
North Carolina,"[50,55)",2019,1367062,50,55,50-54
North Carolina,"[50,55)",2020,1381406,50,55,50-54
North Carolina,"[55,60)",2019,1421914,55,60,55-59
North Carolina,"[55,60)",2020,1422648,55,60,55-59
North Carolina,"[60,65)",2019,1329538,60,65,60-64
North Carolina,"[60,65)",2020,1354168,60,65,60-64
North Carolina,"[65,70)",2019,1156762,65,70,65-69
North Carolina,"[65,70)",2020,1188268,65,70,65-69
North Carolina,"[70,75)",2019,952960,70,75,70-74
North Carolina,"[70,75)",2020,997794,70,75,70-74
North Carolina,"[75,80)",2019,637726,75,80,75-79
North Carolina,"[75,80)",2020,666872,75,80,75-79
North Carolina,"[80,85)",2019,400766,80,85,80-84
North Carolina,"[80,85)",2020,412318,80,85,80-84
North Carolina,"[85,Inf)",2019,381110,85,Inf,85+
North Carolina,"[85,Inf)",2020,390650,85,Inf,85+
North Dakota,"[25,30)",2019,123908,25,30,25-29
North Dakota,"[25,30)",2020,120412,25,30,25-29
North Dakota,"[30,35)",2019,111222,30,35,30-34
North Dakota,"[30,35)",2020,112110,30,35,30-34
North Dakota,"[35,40)",2019,103594,35,40,35-39
North Dakota,"[35,40)",2020,105140,35,40,35-39
North Dakota,"[40,45)",2019,84880,40,45,40-44
North Dakota,"[40,45)",2020,87672,40,45,40-44
North Dakota,"[45,50)",2019,78510,45,50,45-49
North Dakota,"[45,50)",2020,77780,45,50,45-49
North Dakota,"[50,55)",2019,79748,50,55,50-54
North Dakota,"[50,55)",2020,78416,50,55,50-54
North Dakota,"[55,60)",2019,94916,55,60,55-59
North Dakota,"[55,60)",2020,91194,55,60,55-59
North Dakota,"[60,65)",2019,94026,60,65,60-64
North Dakota,"[60,65)",2020,94406,60,65,60-64
North Dakota,"[65,70)",2019,77598,65,70,65-69
North Dakota,"[65,70)",2020,80292,65,70,65-69
North Dakota,"[70,75)",2019,56768,70,75,70-74
North Dakota,"[70,75)",2020,59810,70,75,70-74
North Dakota,"[75,80)",2019,39336,75,80,75-79
North Dakota,"[75,80)",2020,40792,75,80,75-79
North Dakota,"[80,85)",2019,29566,80,85,80-84
North Dakota,"[80,85)",2020,29226,80,85,80-84
North Dakota,"[85,Inf)",2019,37932,85,Inf,85+
North Dakota,"[85,Inf)",2020,37412,85,Inf,85+
Ohio,"[25,30)",2019,1655082,25,30,25-29
Ohio,"[25,30)",2020,1636842,25,30,25-29
Ohio,"[30,35)",2019,1542558,30,35,30-34
Ohio,"[30,35)",2020,1573640,30,35,30-34
Ohio,"[35,40)",2019,1477304,35,40,35-39
Ohio,"[35,40)",2020,1478016,35,40,35-39
Ohio,"[40,45)",2019,1370160,40,45,40-44
Ohio,"[40,45)",2020,1393770,40,45,40-44
Ohio,"[45,50)",2019,1448216,45,50,45-49
Ohio,"[45,50)",2020,1404988,45,50,45-49
Ohio,"[50,55)",2019,1484170,50,55,50-54
Ohio,"[50,55)",2020,1471596,50,55,50-54
Ohio,"[55,60)",2019,1632232,55,60,55-59
Ohio,"[55,60)",2020,1596244,55,60,55-59
Ohio,"[60,65)",2019,1605934,60,65,60-64
Ohio,"[60,65)",2020,1607240,60,65,60-64
Ohio,"[65,70)",2019,1343094,65,70,65-69
Ohio,"[65,70)",2020,1375090,65,70,65-69
Ohio,"[70,75)",2019,1052602,70,75,70-74
Ohio,"[70,75)",2020,1110232,70,75,70-74
Ohio,"[75,80)",2019,719570,75,80,75-79
Ohio,"[75,80)",2020,731724,75,80,75-79
Ohio,"[80,85)",2019,488260,80,85,80-84
Ohio,"[80,85)",2020,493506,80,85,80-84
Ohio,"[85,Inf)",2019,512072,85,Inf,85+
Ohio,"[85,Inf)",2020,514068,85,Inf,85+
Oklahoma,"[25,30)",2019,601018,25,30,25-29
Oklahoma,"[25,30)",2020,596982,25,30,25-29
Oklahoma,"[30,35)",2019,559036,30,35,30-34
Oklahoma,"[30,35)",2020,566540,30,35,30-34
Oklahoma,"[35,40)",2019,559406,35,40,35-39
Oklahoma,"[35,40)",2020,561070,35,40,35-39
Oklahoma,"[40,45)",2019,490536,40,45,40-44
Oklahoma,"[40,45)",2020,505152,40,45,40-44
Oklahoma,"[45,50)",2019,481782,45,50,45-49
Oklahoma,"[45,50)",2020,477824,45,50,45-49
Oklahoma,"[50,55)",2019,463778,50,55,50-54
Oklahoma,"[50,55)",2020,463992,50,55,50-54
Oklahoma,"[55,60)",2019,524442,55,60,55-59
Oklahoma,"[55,60)",2020,512290,55,60,55-59
Oklahoma,"[60,65)",2019,497498,60,65,60-64
Oklahoma,"[60,65)",2020,503242,60,65,60-64
Oklahoma,"[65,70)",2019,421280,65,70,65-69
Oklahoma,"[65,70)",2020,433036,65,70,65-69
Oklahoma,"[70,75)",2019,337722,70,75,70-74
Oklahoma,"[70,75)",2020,350570,70,75,70-74
Oklahoma,"[75,80)",2019,240018,75,80,75-79
Oklahoma,"[75,80)",2020,246262,75,80,75-79
Oklahoma,"[80,85)",2019,156492,80,85,80-84
Oklahoma,"[80,85)",2020,159574,80,85,80-84
Oklahoma,"[85,Inf)",2019,151732,85,Inf,85+
Oklahoma,"[85,Inf)",2020,153424,85,Inf,85+
Oregon,"[25,30)",2019,643774,25,30,25-29
Oregon,"[25,30)",2020,638164,25,30,25-29
Oregon,"[30,35)",2019,625954,30,35,30-34
Oregon,"[30,35)",2020,640138,30,35,30-34
Oregon,"[35,40)",2019,618790,35,40,35-39
Oregon,"[35,40)",2020,622786,35,40,35-39
Oregon,"[40,45)",2019,561014,40,45,40-44
Oregon,"[40,45)",2020,577622,40,45,40-44
Oregon,"[45,50)",2019,539106,45,50,45-49
Oregon,"[45,50)",2020,534338,45,50,45-49
Oregon,"[50,55)",2019,509374,50,55,50-54
Oregon,"[50,55)",2020,518750,50,55,50-54
Oregon,"[55,60)",2019,545306,55,60,55-59
Oregon,"[55,60)",2020,534006,55,60,55-59
Oregon,"[60,65)",2019,555522,60,65,60-64
Oregon,"[60,65)",2020,553504,60,65,60-64
Oregon,"[65,70)",2019,524200,65,70,65-69
Oregon,"[65,70)",2020,532008,65,70,65-69
Oregon,"[70,75)",2019,416906,70,75,70-74
Oregon,"[70,75)",2020,440256,70,75,70-74
Oregon,"[75,80)",2019,273332,75,80,75-79
Oregon,"[75,80)",2020,286554,75,80,75-79
Oregon,"[80,85)",2019,165246,80,85,80-84
Oregon,"[80,85)",2020,172240,80,85,80-84
Oregon,"[85,Inf)",2019,170610,85,Inf,85+
Oregon,"[85,Inf)",2020,170708,85,Inf,85+
Pennsylvania,"[25,30)",2019,1767950,25,30,25-29
Pennsylvania,"[25,30)",2020,1736632,25,30,25-29
Pennsylvania,"[30,35)",2019,1732384,30,35,30-34
Pennsylvania,"[30,35)",2020,1764794,30,35,30-34
Pennsylvania,"[35,40)",2019,1612468,35,40,35-39
Pennsylvania,"[35,40)",2020,1625794,35,40,35-39
Pennsylvania,"[40,45)",2019,1467966,40,45,40-44
Pennsylvania,"[40,45)",2020,1497480,40,45,40-44
Pennsylvania,"[45,50)",2019,1568490,45,50,45-49
Pennsylvania,"[45,50)",2020,1513138,45,50,45-49
Pennsylvania,"[50,55)",2019,1678272,50,55,50-54
Pennsylvania,"[50,55)",2020,1649742,50,55,50-54
Pennsylvania,"[55,60)",2019,1835594,55,60,55-59
Pennsylvania,"[55,60)",2020,1802258,55,60,55-59
Pennsylvania,"[60,65)",2019,1804548,60,65,60-64
Pennsylvania,"[60,65)",2020,1808620,60,65,60-64
Pennsylvania,"[65,70)",2019,1522360,65,70,65-69
Pennsylvania,"[65,70)",2020,1560332,65,70,65-69
Pennsylvania,"[70,75)",2019,1204346,70,75,70-74
Pennsylvania,"[70,75)",2020,1260474,70,75,70-74
Pennsylvania,"[75,80)",2019,844284,75,80,75-79
Pennsylvania,"[75,80)",2020,861568,75,80,75-79
Pennsylvania,"[80,85)",2019,578816,80,85,80-84
Pennsylvania,"[80,85)",2020,581464,80,85,80-84
Pennsylvania,"[85,Inf)",2019,664966,85,Inf,85+
Pennsylvania,"[85,Inf)",2020,659712,85,Inf,85+
Rhode Island,"[25,30)",2019,157212,25,30,25-29
Rhode Island,"[25,30)",2020,154168,25,30,25-29
Rhode Island,"[30,35)",2019,149164,30,35,30-34
Rhode Island,"[30,35)",2020,153852,30,35,30-34
Rhode Island,"[35,40)",2019,135990,35,40,35-39
Rhode Island,"[35,40)",2020,136728,35,40,35-39
Rhode Island,"[40,45)",2019,120952,40,45,40-44
Rhode Island,"[40,45)",2020,123438,40,45,40-44
Rhode Island,"[45,50)",2019,130148,45,50,45-49
Rhode Island,"[45,50)",2020,125190,45,50,45-49
Rhode Island,"[50,55)",2019,144918,50,55,50-54
Rhode Island,"[50,55)",2020,141122,50,55,50-54
Rhode Island,"[55,60)",2019,154986,55,60,55-59
Rhode Island,"[55,60)",2020,153962,55,60,55-59
Rhode Island,"[60,65)",2019,147824,60,65,60-64
Rhode Island,"[60,65)",2020,148284,60,65,60-64
Rhode Island,"[65,70)",2019,119702,65,70,65-69
Rhode Island,"[65,70)",2020,123564,65,70,65-69
Rhode Island,"[70,75)",2019,94986,70,75,70-74
Rhode Island,"[70,75)",2020,99150,70,75,70-74
Rhode Island,"[75,80)",2019,64904,75,80,75-79
Rhode Island,"[75,80)",2020,67324,75,80,75-79
Rhode Island,"[80,85)",2019,42832,80,85,80-84
Rhode Island,"[80,85)",2020,43920,80,85,80-84
Rhode Island,"[85,Inf)",2019,55014,85,Inf,85+
Rhode Island,"[85,Inf)",2020,54326,85,Inf,85+
South Carolina,"[25,30)",2019,723770,25,30,25-29
South Carolina,"[25,30)",2020,712658,25,30,25-29
South Carolina,"[30,35)",2019,672598,30,35,30-34
South Carolina,"[30,35)",2020,695292,30,35,30-34
South Carolina,"[35,40)",2019,652232,35,40,35-39
South Carolina,"[35,40)",2020,656106,35,40,35-39
South Carolina,"[40,45)",2019,609182,40,45,40-44
South Carolina,"[40,45)",2020,622994,40,45,40-44
South Carolina,"[45,50)",2019,644204,45,50,45-49
South Carolina,"[45,50)",2020,634596,45,50,45-49
South Carolina,"[50,55)",2019,651750,50,55,50-54
South Carolina,"[50,55)",2020,655134,50,55,50-54
South Carolina,"[55,60)",2019,706802,55,60,55-59
South Carolina,"[55,60)",2020,708566,55,60,55-59
South Carolina,"[60,65)",2019,684148,60,65,60-64
South Carolina,"[60,65)",2020,697296,60,65,60-64
South Carolina,"[65,70)",2019,622912,65,70,65-69
South Carolina,"[65,70)",2020,640772,65,70,65-69
South Carolina,"[70,75)",2019,526780,70,75,70-74
South Carolina,"[70,75)",2020,553428,70,75,70-74
South Carolina,"[75,80)",2019,348782,75,80,75-79
South Carolina,"[75,80)",2020,366456,75,80,75-79
South Carolina,"[80,85)",2019,205860,80,85,80-84
South Carolina,"[80,85)",2020,215052,80,85,80-84
South Carolina,"[85,Inf)",2019,184062,85,Inf,85+
South Carolina,"[85,Inf)",2020,189658,85,Inf,85+
South Dakota,"[25,30)",2019,120268,25,30,25-29
South Dakota,"[25,30)",2020,119380,25,30,25-29
South Dakota,"[30,35)",2019,117212,30,35,30-34
South Dakota,"[30,35)",2020,117092,30,35,30-34
South Dakota,"[35,40)",2019,116112,35,40,35-39
South Dakota,"[35,40)",2020,116212,35,40,35-39
South Dakota,"[40,45)",2019,99766,40,45,40-44
South Dakota,"[40,45)",2020,104206,40,45,40-44
South Dakota,"[45,50)",2019,94640,45,50,45-49
South Dakota,"[45,50)",2020,93630,45,50,45-49
South Dakota,"[50,55)",2019,97508,50,55,50-54
South Dakota,"[50,55)",2020,96274,50,55,50-54
South Dakota,"[55,60)",2019,118542,55,60,55-59
South Dakota,"[55,60)",2020,115254,55,60,55-59
South Dakota,"[60,65)",2019,118378,60,65,60-64
South Dakota,"[60,65)",2020,120632,60,65,60-64
South Dakota,"[65,70)",2019,105118,65,70,65-69
South Dakota,"[65,70)",2020,108766,65,70,65-69
South Dakota,"[70,75)",2019,74726,70,75,70-74
South Dakota,"[70,75)",2020,80512,70,75,70-74
South Dakota,"[75,80)",2019,49072,75,80,75-79
South Dakota,"[75,80)",2020,50558,75,80,75-79
South Dakota,"[80,85)",2019,34420,80,85,80-84
South Dakota,"[80,85)",2020,34500,80,85,80-84
South Dakota,"[85,Inf)",2019,42064,85,Inf,85+
South Dakota,"[85,Inf)",2020,41984,85,Inf,85+
Tennessee,"[25,30)",2019,1016620,25,30,25-29
Tennessee,"[25,30)",2020,1013576,25,30,25-29
Tennessee,"[30,35)",2019,920696,30,35,30-34
Tennessee,"[30,35)",2020,950356,30,35,30-34
Tennessee,"[35,40)",2019,884092,35,40,35-39
Tennessee,"[35,40)",2020,885348,35,40,35-39
Tennessee,"[40,45)",2019,835566,40,45,40-44
Tennessee,"[40,45)",2020,850022,40,45,40-44
Tennessee,"[45,50)",2019,885736,45,50,45-49
Tennessee,"[45,50)",2020,868128,45,50,45-49
Tennessee,"[50,55)",2019,874744,50,55,50-54
Tennessee,"[50,55)",2020,878116,50,55,50-54
Tennessee,"[55,60)",2019,928550,55,60,55-59
Tennessee,"[55,60)",2020,928000,55,60,55-59
Tennessee,"[60,65)",2019,876182,60,65,60-64
Tennessee,"[60,65)",2020,890026,60,65,60-64
Tennessee,"[65,70)",2019,753258,65,70,65-69
Tennessee,"[65,70)",2020,774546,65,70,65-69
Tennessee,"[70,75)",2019,620844,70,75,70-74
Tennessee,"[70,75)",2020,646740,70,75,70-74
Tennessee,"[75,80)",2019,421606,75,80,75-79
Tennessee,"[75,80)",2020,436494,75,80,75-79
Tennessee,"[80,85)",2019,263862,80,85,80-84
Tennessee,"[80,85)",2020,272294,80,85,80-84
Tennessee,"[85,Inf)",2019,245626,85,Inf,85+
Tennessee,"[85,Inf)",2020,249600,85,Inf,85+
Texas,"[25,30)",2019,4443746,25,30,25-29
Texas,"[25,30)",2020,4449612,25,30,25-29
Texas,"[30,35)",2019,4294722,30,35,30-34
Texas,"[30,35)",2020,4377812,30,35,30-34
Texas,"[35,40)",2019,4203676,35,40,35-39
Texas,"[35,40)",2020,4257628,35,40,35-39
Texas,"[40,45)",2019,3814044,40,45,40-44
Texas,"[40,45)",2020,3920554,40,45,40-44
Texas,"[45,50)",2019,3753090,45,50,45-49
Texas,"[45,50)",2020,3754284,45,50,45-49
Texas,"[50,55)",2019,3437676,50,55,50-54
Texas,"[50,55)",2020,3496578,50,55,50-54
Texas,"[55,60)",2019,3477774,55,60,55-59
Texas,"[55,60)",2020,3466860,55,60,55-59
Texas,"[60,65)",2019,3132380,60,65,60-64
Texas,"[60,65)",2020,3204020,60,65,60-64
Texas,"[65,70)",2019,2544850,65,70,65-69
Texas,"[65,70)",2020,2636474,65,70,65-69
Texas,"[70,75)",2019,1985148,70,75,70-74
Texas,"[70,75)",2020,2088408,70,75,70-74
Texas,"[75,80)",2019,1327200,75,80,75-79
Texas,"[75,80)",2020,1387584,75,80,75-79
Texas,"[80,85)",2019,845490,80,85,80-84
Texas,"[80,85)",2020,870924,80,85,80-84
Texas,"[85,Inf)",2019,816470,85,Inf,85+
Texas,"[85,Inf)",2020,834476,85,Inf,85+
Utah,"[25,30)",2019,519520,25,30,25-29
Utah,"[25,30)",2020,527582,25,30,25-29
Utah,"[30,35)",2019,452618,30,35,30-34
Utah,"[30,35)",2020,462008,30,35,30-34
Utah,"[35,40)",2019,471794,35,40,35-39
Utah,"[35,40)",2020,467418,35,40,35-39
Utah,"[40,45)",2019,432314,40,45,40-44
Utah,"[40,45)",2020,451240,40,45,40-44
Utah,"[45,50)",2019,359002,45,50,45-49
Utah,"[45,50)",2020,368144,45,50,45-49
Utah,"[50,55)",2019,306550,50,55,50-54
Utah,"[50,55)",2020,316586,50,55,50-54
Utah,"[55,60)",2019,314114,55,60,55-59
Utah,"[55,60)",2020,311338,55,60,55-59
Utah,"[60,65)",2019,297678,60,65,60-64
Utah,"[60,65)",2020,303492,60,65,60-64
Utah,"[65,70)",2019,249998,65,70,65-69
Utah,"[65,70)",2020,260310,65,70,65-69
Utah,"[70,75)",2019,191368,70,75,70-74
Utah,"[70,75)",2020,203368,70,75,70-74
Utah,"[75,80)",2019,131998,75,80,75-79
Utah,"[75,80)",2020,138116,75,80,75-79
Utah,"[80,85)",2019,84296,80,85,80-84
Utah,"[80,85)",2020,87352,80,85,80-84
Utah,"[85,Inf)",2019,77240,85,Inf,85+
Utah,"[85,Inf)",2020,79468,85,Inf,85+
Vermont,"[25,30)",2019,78146,25,30,25-29
Vermont,"[25,30)",2020,78526,25,30,25-29
Vermont,"[30,35)",2019,74446,30,35,30-34
Vermont,"[30,35)",2020,75440,30,35,30-34
Vermont,"[35,40)",2019,75442,35,40,35-39
Vermont,"[35,40)",2020,75646,35,40,35-39
Vermont,"[40,45)",2019,69734,40,45,40-44
Vermont,"[40,45)",2020,71318,40,45,40-44
Vermont,"[45,50)",2019,75678,45,50,45-49
Vermont,"[45,50)",2020,72696,45,50,45-49
Vermont,"[50,55)",2019,82298,50,55,50-54
Vermont,"[50,55)",2020,80942,50,55,50-54
Vermont,"[55,60)",2019,95834,55,60,55-59
Vermont,"[55,60)",2020,93204,55,60,55-59
Vermont,"[60,65)",2019,96904,60,65,60-64
Vermont,"[60,65)",2020,96286,60,65,60-64
Vermont,"[65,70)",2019,84820,65,70,65-69
Vermont,"[65,70)",2020,86678,65,70,65-69
Vermont,"[70,75)",2019,66878,70,75,70-74
Vermont,"[70,75)",2020,70042,70,75,70-74
Vermont,"[75,80)",2019,44102,75,80,75-79
Vermont,"[75,80)",2020,46232,75,80,75-79
Vermont,"[80,85)",2019,26910,80,85,80-84
Vermont,"[80,85)",2020,27692,80,85,80-84
Vermont,"[85,Inf)",2019,28820,85,Inf,85+
Vermont,"[85,Inf)",2020,28962,85,Inf,85+
Virginia,"[25,30)",2019,1255652,25,30,25-29
Virginia,"[25,30)",2020,1248762,25,30,25-29
Virginia,"[30,35)",2019,1215868,30,35,30-34
Virginia,"[30,35)",2020,1227214,30,35,30-34
Virginia,"[35,40)",2019,1198610,35,40,35-39
Virginia,"[35,40)",2020,1201584,35,40,35-39
Virginia,"[40,45)",2019,1089274,40,45,40-44
Virginia,"[40,45)",2020,1112750,40,45,40-44
Virginia,"[45,50)",2019,1118490,45,50,45-49
Virginia,"[45,50)",2020,1093962,45,50,45-49
Virginia,"[50,55)",2019,1125050,50,55,50-54
Virginia,"[50,55)",2020,1116340,50,55,50-54
Virginia,"[55,60)",2019,1186324,55,60,55-59
Virginia,"[55,60)",2020,1176862,55,60,55-59
Virginia,"[60,65)",2019,1074074,60,65,60-64
Virginia,"[60,65)",2020,1088328,60,65,60-64
Virginia,"[65,70)",2019,893382,65,70,65-69
Virginia,"[65,70)",2020,912858,65,70,65-69
Virginia,"[70,75)",2019,730322,70,75,70-74
Virginia,"[70,75)",2020,760494,70,75,70-74
Virginia,"[75,80)",2019,498484,75,80,75-79
Virginia,"[75,80)",2020,517950,75,80,75-79
Virginia,"[80,85)",2019,313274,80,85,80-84
Virginia,"[80,85)",2020,323356,80,85,80-84
Virginia,"[85,Inf)",2019,310898,85,Inf,85+
Virginia,"[85,Inf)",2020,316052,85,Inf,85+
Washington,"[25,30)",2019,1259984,25,30,25-29
Washington,"[25,30)",2020,1255086,25,30,25-29
Washington,"[30,35)",2019,1218110,30,35,30-34
Washington,"[30,35)",2020,1260902,30,35,30-34
Washington,"[35,40)",2019,1153468,35,40,35-39
Washington,"[35,40)",2020,1177588,35,40,35-39
Washington,"[40,45)",2019,995690,40,45,40-44
Washington,"[40,45)",2020,1030558,40,45,40-44
Washington,"[45,50)",2019,965922,45,50,45-49
Washington,"[45,50)",2020,952222,45,50,45-49
Washington,"[50,55)",2019,937566,50,55,50-54
Washington,"[50,55)",2020,949266,50,55,50-54
Washington,"[55,60)",2019,1000606,55,60,55-59
Washington,"[55,60)",2020,984320,55,60,55-59
Washington,"[60,65)",2019,962964,60,65,60-64
Washington,"[60,65)",2020,968410,60,65,60-64
Washington,"[65,70)",2019,834416,65,70,65-69
Washington,"[65,70)",2020,855292,65,70,65-69
Washington,"[70,75)",2019,654760,70,75,70-74
Washington,"[70,75)",2020,687126,70,75,70-74
Washington,"[75,80)",2019,426270,75,80,75-79
Washington,"[75,80)",2020,448004,75,80,75-79
Washington,"[80,85)",2019,260302,80,85,80-84
Washington,"[80,85)",2020,269184,80,85,80-84
Washington,"[85,Inf)",2019,270982,85,Inf,85+
Washington,"[85,Inf)",2020,273630,85,Inf,85+
West Virginia,"[25,30)",2019,229326,25,30,25-29
West Virginia,"[25,30)",2020,224938,25,30,25-29
West Virginia,"[30,35)",2019,208134,30,35,30-34
West Virginia,"[30,35)",2020,212612,30,35,30-34
West Virginia,"[35,40)",2019,215950,35,40,35-39
West Virginia,"[35,40)",2020,209434,35,40,35-39
West Virginia,"[40,45)",2019,217636,40,45,40-44
West Virginia,"[40,45)",2020,219092,40,45,40-44
West Virginia,"[45,50)",2019,230766,45,50,45-49
West Virginia,"[45,50)",2020,225044,45,50,45-49
West Virginia,"[50,55)",2019,231960,50,55,50-54
West Virginia,"[50,55)",2020,229522,50,55,50-54
West Virginia,"[55,60)",2019,251672,55,60,55-59
West Virginia,"[55,60)",2020,246644,55,60,55-59
West Virginia,"[60,65)",2019,261382,60,65,60-64
West Virginia,"[60,65)",2020,258098,60,65,60-64
West Virginia,"[65,70)",2019,240314,65,70,65-69
West Virginia,"[65,70)",2020,240816,65,70,65-69
West Virginia,"[70,75)",2019,197802,70,75,70-74
West Virginia,"[70,75)",2020,206900,70,75,70-74
West Virginia,"[75,80)",2019,132470,75,80,75-79
West Virginia,"[75,80)",2020,135138,75,80,75-79
West Virginia,"[80,85)",2019,88438,80,85,80-84
West Virginia,"[80,85)",2020,88832,80,85,80-84
West Virginia,"[85,Inf)",2019,81904,85,Inf,85+
West Virginia,"[85,Inf)",2020,81370,85,Inf,85+
Wisconsin,"[25,30)",2019,780332,25,30,25-29
Wisconsin,"[25,30)",2020,780166,25,30,25-29
Wisconsin,"[30,35)",2019,737596,30,35,30-34
Wisconsin,"[30,35)",2020,736202,30,35,30-34
Wisconsin,"[35,40)",2019,759576,35,40,35-39
Wisconsin,"[35,40)",2020,758980,35,40,35-39
Wisconsin,"[40,45)",2019,689248,40,45,40-44
Wisconsin,"[40,45)",2020,707110,40,45,40-44
Wisconsin,"[45,50)",2019,693636,45,50,45-49
Wisconsin,"[45,50)",2020,676662,45,50,45-49
Wisconsin,"[50,55)",2019,750700,50,55,50-54
Wisconsin,"[50,55)",2020,735600,50,55,50-54
Wisconsin,"[55,60)",2019,850482,55,60,55-59
Wisconsin,"[55,60)",2020,833958,55,60,55-59
Wisconsin,"[60,65)",2019,806672,60,65,60-64
Wisconsin,"[60,65)",2020,816898,60,65,60-64
Wisconsin,"[65,70)",2019,680918,65,70,65-69
Wisconsin,"[65,70)",2020,701266,65,70,65-69
Wisconsin,"[70,75)",2019,514786,70,75,70-74
Wisconsin,"[70,75)",2020,545990,70,75,70-74
Wisconsin,"[75,80)",2019,351094,75,80,75-79
Wisconsin,"[75,80)",2020,363640,75,80,75-79
Wisconsin,"[80,85)",2019,237800,80,85,80-84
Wisconsin,"[80,85)",2020,240816,80,85,80-84
Wisconsin,"[85,Inf)",2019,254586,85,Inf,85+
Wisconsin,"[85,Inf)",2020,254264,85,Inf,85+
Wyoming,"[25,30)",2019,78828,25,30,25-29
Wyoming,"[25,30)",2020,77124,25,30,25-29
Wyoming,"[30,35)",2019,78876,30,35,30-34
Wyoming,"[30,35)",2020,79030,30,35,30-34
Wyoming,"[35,40)",2019,80912,35,40,35-39
Wyoming,"[35,40)",2020,80450,35,40,35-39
Wyoming,"[40,45)",2019,70456,40,45,40-44
Wyoming,"[40,45)",2020,73144,40,45,40-44
Wyoming,"[45,50)",2019,66006,45,50,45-49
Wyoming,"[45,50)",2020,65718,45,50,45-49
Wyoming,"[50,55)",2019,63724,50,55,50-54
Wyoming,"[50,55)",2020,64074,50,55,50-54
Wyoming,"[55,60)",2019,77538,55,60,55-59
Wyoming,"[55,60)",2020,74340,55,60,55-59
Wyoming,"[60,65)",2019,81822,60,65,60-64
Wyoming,"[60,65)",2020,81998,60,65,60-64
Wyoming,"[65,70)",2019,70412,65,70,65-69
Wyoming,"[65,70)",2020,72802,65,70,65-69
Wyoming,"[70,75)",2019,52902,70,75,70-74
Wyoming,"[70,75)",2020,55928,70,75,70-74
Wyoming,"[75,80)",2019,34412,75,80,75-79
Wyoming,"[75,80)",2020,36002,75,80,75-79
Wyoming,"[80,85)",2019,21628,80,85,80-84
Wyoming,"[80,85)",2020,22478,80,85,80-84
Wyoming,"[85,Inf)",2019,22308,85,Inf,85+
Wyoming,"[85,Inf)",2020,22272,85,Inf,85+
